model,rmse,mae,mape
lasso,0.608514352821253,0.6065293484585997,12.575841097324874
