model,rmse,mae,mape
var,1.4548073696504906,1.0684406240682958,24.57681633563705
