model,rmse,mae,mape
xgboost,0.4188790865292746,0.4083766077478164,8.41095513009069
